gpu_name,total_vram_gb,base_clock_mhz,memory_type,isolation_level,model,family,context_length,run_number,latency_sec,tokens_per_sec,ttft_ms,max_vram_mb,avg_power_watts,tokens_per_joule,avg_temp_c,avg_clock_mhz,cold_start_sec,perplexity
Apple M1 Pro,32.0,0.0,unified,system_level,DeepSeek-R1-Distill-Qwen-7B-Q4_K_M.gguf,DeepSeek,512,1,9.17,26.2,8393.44,13195.11,24.56,1.0668,0.0,0.0,1.538,22.2881
Apple M1 Pro,32.0,0.0,unified,system_level,DeepSeek-R1-Distill-Qwen-7B-Q4_K_M.gguf,DeepSeek,512,2,9.2,26.1,8298.22,12975.72,24.82,1.0516,0.0,0.0,1.532,22.2881
Apple M1 Pro,32.0,0.0,unified,system_level,DeepSeek-R1-Distill-Qwen-7B-Q4_K_M.gguf,DeepSeek,512,3,9.19,26.2,8298.22,12899.84,24.58,1.0659,0.0,0.0,1.554,22.2881
Apple M1 Pro,32.0,0.0,unified,system_level,DeepSeek-R1-Distill-Qwen-7B-Q4_K_M.gguf,DeepSeek,512,4,9.17,25.6,8547.58,13162.94,25.26,1.0135,0.0,0.0,1.361,22.2881
Apple M1 Pro,32.0,0.0,unified,system_level,DeepSeek-R1-Distill-Qwen-7B-Q4_K_M.gguf,DeepSeek,512,5,9.16,25.3,8561.87,14807.69,24.69,1.0247,0.0,0.0,1.258,22.2881
Apple M1 Pro,32.0,0.0,unified,system_level,DeepSeek-R1-Distill-Qwen-7B-Q4_K_M.gguf,DeepSeek,512,6,9.68,25.1,8434.93,13315.52,24.46,1.0262,0.0,0.0,1.71,22.2881
Apple M1 Pro,32.0,0.0,unified,system_level,DeepSeek-R1-Distill-Qwen-7B-Q4_K_M.gguf,DeepSeek,512,7,9.16,25.8,8407.22,14391.55,24.54,1.0513,0.0,0.0,1.407,22.2881
Apple M1 Pro,32.0,0.0,unified,system_level,DeepSeek-R1-Distill-Qwen-7B-Q4_K_M.gguf,DeepSeek,512,8,9.15,26.3,8284.79,13307.12,24.58,1.07,0.0,0.0,1.547,22.2881
Apple M1 Pro,32.0,0.0,unified,system_level,DeepSeek-R1-Distill-Qwen-7B-Q4_K_M.gguf,DeepSeek,512,9,9.13,26.2,8298.22,13344.38,25.26,1.0372,0.0,0.0,1.498,22.2881
Apple M1 Pro,32.0,0.0,unified,system_level,DeepSeek-R1-Distill-Qwen-7B-Q4_K_M.gguf,DeepSeek,512,10,9.14,26.0,8737.2,13121.31,24.5,1.0612,0.0,0.0,1.446,22.2881
Apple M1 Pro,32.0,0.0,unified,system_level,DeepSeek-R1-Distill-Qwen-7B-Q4_K_M.gguf,DeepSeek,2048,1,9.14,26.4,33139.16,12568.86,24.39,1.0824,0.0,0.0,1.568,22.8595
Apple M1 Pro,32.0,0.0,unified,system_level,DeepSeek-R1-Distill-Qwen-7B-Q4_K_M.gguf,DeepSeek,2048,2,9.13,25.9,33139.16,13329.05,25.19,1.0282,0.0,0.0,1.412,22.8595
Apple M1 Pro,32.0,0.0,unified,system_level,DeepSeek-R1-Distill-Qwen-7B-Q4_K_M.gguf,DeepSeek,2048,3,9.2,26.2,33139.16,13085.59,24.29,1.0786,0.0,0.0,1.562,22.8595
Apple M1 Pro,32.0,0.0,unified,system_level,DeepSeek-R1-Distill-Qwen-7B-Q4_K_M.gguf,DeepSeek,2048,4,9.17,26.3,33192.87,13055.73,24.48,1.0743,0.0,0.0,1.57,22.8595
Apple M1 Pro,32.0,0.0,unified,system_level,DeepSeek-R1-Distill-Qwen-7B-Q4_K_M.gguf,DeepSeek,2048,5,9.16,26.3,33139.16,13371.19,25.0,1.052,0.0,0.0,1.558,22.8595
Apple M1 Pro,32.0,0.0,unified,system_level,DeepSeek-R1-Distill-Qwen-7B-Q4_K_M.gguf,DeepSeek,2048,6,9.19,26.3,33192.87,13367.75,24.13,1.0899,0.0,0.0,1.584,22.8595
Apple M1 Pro,32.0,0.0,unified,system_level,DeepSeek-R1-Distill-Qwen-7B-Q4_K_M.gguf,DeepSeek,2048,7,9.16,26.1,33355.05,13259.22,24.79,1.0528,0.0,0.0,1.494,22.8595
Apple M1 Pro,32.0,0.0,unified,system_level,DeepSeek-R1-Distill-Qwen-7B-Q4_K_M.gguf,DeepSeek,2048,8,9.14,26.3,33139.16,13772.8,24.92,1.0554,0.0,0.0,1.535,22.8595
Apple M1 Pro,32.0,0.0,unified,system_level,DeepSeek-R1-Distill-Qwen-7B-Q4_K_M.gguf,DeepSeek,2048,9,9.14,26.3,33355.05,15407.61,24.43,1.0765,0.0,0.0,1.535,22.8595
Apple M1 Pro,32.0,0.0,unified,system_level,DeepSeek-R1-Distill-Qwen-7B-Q4_K_M.gguf,DeepSeek,2048,10,9.16,26.3,33139.16,13525.58,24.51,1.073,0.0,0.0,1.558,22.8595
Apple M1 Pro,32.0,0.0,unified,system_level,DeepSeek-R1-Distill-Qwen-7B-Q4_K_M.gguf,DeepSeek,8192,1,9.15,26.3,132771.47,8856.77,24.36,1.0796,0.0,0.0,1.548,17.7604
Apple M1 Pro,32.0,0.0,unified,system_level,DeepSeek-R1-Distill-Qwen-7B-Q4_K_M.gguf,DeepSeek,8192,2,9.14,26.2,132771.47,9845.0,24.7,1.0607,0.0,0.0,1.509,17.7604
Apple M1 Pro,32.0,0.0,unified,system_level,DeepSeek-R1-Distill-Qwen-7B-Q4_K_M.gguf,DeepSeek,8192,3,9.18,26.3,132987.01,9798.48,24.28,1.0832,0.0,0.0,1.58,17.7604
Apple M1 Pro,32.0,0.0,unified,system_level,DeepSeek-R1-Distill-Qwen-7B-Q4_K_M.gguf,DeepSeek,8192,4,9.14,26.3,132556.63,9825.72,24.47,1.0748,0.0,0.0,1.539,17.7604
Apple M1 Pro,32.0,0.0,unified,system_level,DeepSeek-R1-Distill-Qwen-7B-Q4_K_M.gguf,DeepSeek,8192,5,9.16,26.3,132771.47,9878.19,24.86,1.0579,0.0,0.0,1.558,17.7604
Apple M1 Pro,32.0,0.0,unified,system_level,DeepSeek-R1-Distill-Qwen-7B-Q4_K_M.gguf,DeepSeek,8192,6,9.14,26.2,132556.63,10369.28,24.96,1.0497,0.0,0.0,1.507,17.7604
Apple M1 Pro,32.0,0.0,unified,system_level,DeepSeek-R1-Distill-Qwen-7B-Q4_K_M.gguf,DeepSeek,8192,7,9.22,26.2,132771.47,10269.19,24.61,1.0646,0.0,0.0,1.586,17.7604
Apple M1 Pro,32.0,0.0,unified,system_level,DeepSeek-R1-Distill-Qwen-7B-Q4_K_M.gguf,DeepSeek,8192,8,9.16,26.3,132771.47,10242.28,24.71,1.0643,0.0,0.0,1.56,17.7604
Apple M1 Pro,32.0,0.0,unified,system_level,DeepSeek-R1-Distill-Qwen-7B-Q4_K_M.gguf,DeepSeek,8192,9,9.16,26.4,132771.47,13305.8,24.46,1.0793,0.0,0.0,1.587,17.7604
Apple M1 Pro,32.0,0.0,unified,system_level,DeepSeek-R1-Distill-Qwen-7B-Q4_K_M.gguf,DeepSeek,8192,10,9.15,26.0,132556.63,10473.41,24.58,1.0578,0.0,0.0,1.454,17.7604
Apple M1 Pro,32.0,0.0,unified,system_level,falcon-11B-Q4_K_M.gguf,Falcon,512,1,15.18,15.1,10801.69,10829.67,23.72,0.6366,0.0,0.0,1.935,5.9446
Apple M1 Pro,32.0,0.0,unified,system_level,falcon-11B-Q4_K_M.gguf,Falcon,512,2,5.63,15.3,7529.41,10966.86,24.54,0.6235,0.0,0.0,0.0,5.9446
Apple M1 Pro,32.0,0.0,unified,system_level,falcon-11B-Q4_K_M.gguf,Falcon,512,3,14.69,15.1,7529.41,15175.81,24.09,0.6268,0.0,0.0,1.443,5.9446
Apple M1 Pro,32.0,0.0,unified,system_level,falcon-11B-Q4_K_M.gguf,Falcon,512,4,5.15,15.2,7540.5,15178.09,23.85,0.6373,0.0,0.0,0.0,5.9446
Apple M1 Pro,32.0,0.0,unified,system_level,falcon-11B-Q4_K_M.gguf,Falcon,512,5,14.68,15.1,7540.5,15256.78,24.05,0.6279,0.0,0.0,1.439,5.9446
Apple M1 Pro,32.0,0.0,unified,system_level,falcon-11B-Q4_K_M.gguf,Falcon,512,6,14.7,15.1,7562.78,11211.66,24.17,0.6247,0.0,0.0,1.45,5.9446
Apple M1 Pro,32.0,0.0,unified,system_level,falcon-11B-Q4_K_M.gguf,Falcon,512,7,14.74,15.1,7540.5,15562.92,24.61,0.6136,0.0,0.0,1.497,5.9446
Apple M1 Pro,32.0,0.0,unified,system_level,falcon-11B-Q4_K_M.gguf,Falcon,512,8,6.14,15.3,7529.41,11431.36,24.85,0.6157,0.0,0.0,0.0,5.9446
Apple M1 Pro,32.0,0.0,unified,system_level,falcon-11B-Q4_K_M.gguf,Falcon,512,9,14.77,15.1,7529.41,11413.98,24.01,0.6289,0.0,0.0,1.525,5.9446
Apple M1 Pro,32.0,0.0,unified,system_level,falcon-11B-Q4_K_M.gguf,Falcon,512,10,12.22,15.1,7540.5,11540.81,24.19,0.6242,0.0,0.0,0.0,5.9446
Apple M1 Pro,32.0,0.0,unified,system_level,falcon-11B-Q4_K_M.gguf,Falcon,2048,1,8.74,15.1,30843.37,15582.95,23.68,0.6377,0.0,0.0,0.0,28358.8261
Apple M1 Pro,32.0,0.0,unified,system_level,falcon-11B-Q4_K_M.gguf,Falcon,2048,2,4.15,15.4,30843.37,15018.06,23.86,0.6454,0.0,0.0,0.0,28358.8261
Apple M1 Pro,32.0,0.0,unified,system_level,falcon-11B-Q4_K_M.gguf,Falcon,2048,3,15.78,14.3,30889.89,11224.41,22.18,0.6447,0.0,0.0,1.794,28358.8261
Apple M1 Pro,32.0,0.0,unified,system_level,falcon-11B-Q4_K_M.gguf,Falcon,2048,4,15.78,14.4,30889.89,11327.7,21.93,0.6566,0.0,0.0,1.889,28358.8261
Apple M1 Pro,32.0,0.0,unified,system_level,falcon-11B-Q4_K_M.gguf,Falcon,2048,5,6.65,15.1,30889.89,11352.25,23.41,0.645,0.0,0.0,0.0,28358.8261
Apple M1 Pro,32.0,0.0,unified,system_level,falcon-11B-Q4_K_M.gguf,Falcon,2048,6,4.69,15.2,30889.89,11467.0,24.86,0.6114,0.0,0.0,0.0,28358.8261
Apple M1 Pro,32.0,0.0,unified,system_level,falcon-11B-Q4_K_M.gguf,Falcon,2048,7,7.71,15.1,30983.36,11444.5,23.88,0.6323,0.0,0.0,0.0,28358.8261
Apple M1 Pro,32.0,0.0,unified,system_level,falcon-11B-Q4_K_M.gguf,Falcon,2048,8,14.77,15.0,30889.89,15995.33,23.78,0.6308,0.0,0.0,1.437,28358.8261
Apple M1 Pro,32.0,0.0,unified,system_level,falcon-11B-Q4_K_M.gguf,Falcon,2048,9,15.75,14.0,30936.56,12347.84,21.23,0.6594,0.0,0.0,1.462,28358.8261
Apple M1 Pro,32.0,0.0,unified,system_level,falcon-11B-Q4_K_M.gguf,Falcon,2048,10,15.82,14.1,30843.37,15811.45,21.32,0.6614,0.0,0.0,1.634,28358.8261
Apple M1 Pro,32.0,0.0,unified,system_level,falcon-11B-Q4_K_M.gguf,Falcon,8192,1,32.46,10.8,411658.29,8497.34,21.11,0.5116,0.0,0.0,13.94,0.0
Apple M1 Pro,32.0,0.0,unified,system_level,falcon-11B-Q4_K_M.gguf,Falcon,8192,2,4.63,15.4,124309.56,8527.53,23.16,0.6649,0.0,0.0,0.0,0.0
Apple M1 Pro,32.0,0.0,unified,system_level,falcon-11B-Q4_K_M.gguf,Falcon,8192,3,3.61,15.6,124309.56,8527.61,24.06,0.6484,0.0,0.0,0.0,0.0
Apple M1 Pro,32.0,0.0,unified,system_level,falcon-11B-Q4_K_M.gguf,Falcon,8192,4,6.62,15.2,123746.22,8523.77,23.82,0.6381,0.0,0.0,0.0,0.0
Apple M1 Pro,32.0,0.0,unified,system_level,falcon-11B-Q4_K_M.gguf,Falcon,8192,5,15.2,15.0,123559.58,8735.84,24.06,0.6234,0.0,0.0,1.864,0.0
Apple M1 Pro,32.0,0.0,unified,system_level,falcon-11B-Q4_K_M.gguf,Falcon,8192,6,6.17,15.1,149489.05,15565.33,23.75,0.6358,0.0,0.0,0.0,0.0
Apple M1 Pro,32.0,0.0,unified,system_level,falcon-11B-Q4_K_M.gguf,Falcon,8192,7,10.64,15.0,124498.48,9071.92,23.87,0.6284,0.0,0.0,0.0,0.0
Apple M1 Pro,32.0,0.0,unified,system_level,falcon-11B-Q4_K_M.gguf,Falcon,8192,8,6.67,15.1,124121.21,9696.48,23.32,0.6475,0.0,0.0,0.0,0.0
Apple M1 Pro,32.0,0.0,unified,system_level,falcon-11B-Q4_K_M.gguf,Falcon,8192,9,4.15,15.3,123746.22,16102.97,23.5,0.6511,0.0,0.0,0.0,0.0
Apple M1 Pro,32.0,0.0,unified,system_level,falcon-11B-Q4_K_M.gguf,Falcon,8192,10,12.66,14.7,124121.21,9980.72,22.75,0.6462,0.0,0.0,0.0,0.0
Apple M1 Pro,32.0,0.0,unified,system_level,gemma-2-9b-it-Q4_K_M.gguf,Gemma,512,1,12.21,19.8,10870.49,12071.22,23.84,0.8305,0.0,0.0,2.109,7.0665
Apple M1 Pro,32.0,0.0,unified,system_level,gemma-2-9b-it-Q4_K_M.gguf,Gemma,512,2,11.77,19.8,10893.62,13436.02,24.27,0.8158,0.0,0.0,1.669,7.0665
Apple M1 Pro,32.0,0.0,unified,system_level,gemma-2-9b-it-Q4_K_M.gguf,Gemma,512,3,11.73,19.8,11228.07,15525.83,24.38,0.8121,0.0,0.0,1.631,7.0665
Apple M1 Pro,32.0,0.0,unified,system_level,gemma-2-9b-it-Q4_K_M.gguf,Gemma,512,4,12.75,18.1,10824.52,15579.8,20.59,0.8791,0.0,0.0,1.703,7.0665
Apple M1 Pro,32.0,0.0,unified,system_level,gemma-2-9b-it-Q4_K_M.gguf,Gemma,512,5,12.78,18.3,10893.62,13289.56,21.22,0.8624,0.0,0.0,1.852,7.0665
Apple M1 Pro,32.0,0.0,unified,system_level,gemma-2-9b-it-Q4_K_M.gguf,Gemma,512,6,12.71,18.3,10870.49,15829.91,21.4,0.8551,0.0,0.0,1.784,7.0665
Apple M1 Pro,32.0,0.0,unified,system_level,gemma-2-9b-it-Q4_K_M.gguf,Gemma,512,7,12.71,18.2,10916.84,15202.55,21.05,0.8646,0.0,0.0,1.718,7.0665
Apple M1 Pro,32.0,0.0,unified,system_level,gemma-2-9b-it-Q4_K_M.gguf,Gemma,512,8,12.73,18.3,10847.46,12654.66,21.28,0.86,0.0,0.0,1.797,7.0665
Apple M1 Pro,32.0,0.0,unified,system_level,gemma-2-9b-it-Q4_K_M.gguf,Gemma,512,9,12.75,18.4,10847.46,12645.77,21.36,0.8614,0.0,0.0,1.878,7.0665
Apple M1 Pro,32.0,0.0,unified,system_level,gemma-2-9b-it-Q4_K_M.gguf,Gemma,512,10,12.69,18.0,10916.84,14945.78,21.44,0.8396,0.0,0.0,1.578,7.0665
Apple M1 Pro,32.0,0.0,unified,system_level,gemma-2-9b-it-Q4_K_M.gguf,Gemma,2048,1,13.37,18.0,43298.1,12540.95,20.5,0.878,0.0,0.0,2.262,8.3516
Apple M1 Pro,32.0,0.0,unified,system_level,gemma-2-9b-it-Q4_K_M.gguf,Gemma,2048,2,12.75,18.6,43760.68,12369.78,21.81,0.8528,0.0,0.0,1.999,8.3516
Apple M1 Pro,32.0,0.0,unified,system_level,gemma-2-9b-it-Q4_K_M.gguf,Gemma,2048,3,13.26,18.0,43481.95,12541.84,20.46,0.8798,0.0,0.0,2.144,8.3516
Apple M1 Pro,32.0,0.0,unified,system_level,gemma-2-9b-it-Q4_K_M.gguf,Gemma,2048,4,12.74,18.8,43481.95,12688.47,21.91,0.8581,0.0,0.0,2.103,8.3516
Apple M1 Pro,32.0,0.0,unified,system_level,gemma-2-9b-it-Q4_K_M.gguf,Gemma,2048,5,12.78,18.3,43389.83,16342.48,21.03,0.8702,0.0,0.0,1.852,8.3516
Apple M1 Pro,32.0,0.0,unified,system_level,gemma-2-9b-it-Q4_K_M.gguf,Gemma,2048,6,13.24,18.3,43574.47,12780.28,20.44,0.8953,0.0,0.0,2.313,8.3516
Apple M1 Pro,32.0,0.0,unified,system_level,gemma-2-9b-it-Q4_K_M.gguf,Gemma,2048,7,12.74,18.8,43481.95,12560.55,22.0,0.8545,0.0,0.0,2.101,8.3516
Apple M1 Pro,32.0,0.0,unified,system_level,gemma-2-9b-it-Q4_K_M.gguf,Gemma,2048,8,13.22,17.7,43389.83,13031.77,21.57,0.8206,0.0,0.0,1.918,8.3516
Apple M1 Pro,32.0,0.0,unified,system_level,gemma-2-9b-it-Q4_K_M.gguf,Gemma,2048,9,12.8,18.7,43389.83,12667.41,21.81,0.8574,0.0,0.0,2.104,8.3516
Apple M1 Pro,32.0,0.0,unified,system_level,gemma-2-9b-it-Q4_K_M.gguf,Gemma,2048,10,13.25,18.0,43389.83,13159.77,20.85,0.8633,0.0,0.0,2.137,8.3516
Apple M1 Pro,32.0,0.0,unified,system_level,gemma-2-9b-it-Q4_K_M.gguf,Gemma,8192,1,12.19,19.7,173192.39,7694.11,23.75,0.8295,0.0,0.0,2.042,6.6852
Apple M1 Pro,32.0,0.0,unified,system_level,gemma-2-9b-it-Q4_K_M.gguf,Gemma,8192,2,13.75,17.5,173927.81,8172.33,19.74,0.8865,0.0,0.0,2.321,6.6852
Apple M1 Pro,32.0,0.0,unified,system_level,gemma-2-9b-it-Q4_K_M.gguf,Gemma,8192,3,13.19,18.1,173927.81,9084.3,21.48,0.8426,0.0,0.0,2.144,6.6852
Apple M1 Pro,32.0,0.0,unified,system_level,gemma-2-9b-it-Q4_K_M.gguf,Gemma,8192,4,13.17,18.3,173559.32,9382.8,21.42,0.8543,0.0,0.0,2.239,6.6852
Apple M1 Pro,32.0,0.0,unified,system_level,gemma-2-9b-it-Q4_K_M.gguf,Gemma,8192,5,13.16,18.4,173559.32,9590.83,20.94,0.8787,0.0,0.0,2.289,6.6852
Apple M1 Pro,32.0,0.0,unified,system_level,gemma-2-9b-it-Q4_K_M.gguf,Gemma,8192,6,12.73,18.8,173927.81,15631.48,21.96,0.8561,0.0,0.0,2.096,6.6852
Apple M1 Pro,32.0,0.0,unified,system_level,gemma-2-9b-it-Q4_K_M.gguf,Gemma,8192,7,13.16,18.2,173192.39,9884.25,20.84,0.8733,0.0,0.0,2.166,6.6852
Apple M1 Pro,32.0,0.0,unified,system_level,gemma-2-9b-it-Q4_K_M.gguf,Gemma,8192,8,12.72,18.5,174297.87,15663.56,21.79,0.849,0.0,0.0,1.909,6.6852
Apple M1 Pro,32.0,0.0,unified,system_level,gemma-2-9b-it-Q4_K_M.gguf,Gemma,8192,9,13.2,17.9,184504.5,15683.08,20.57,0.8702,0.0,0.0,2.028,6.6852
Apple M1 Pro,32.0,0.0,unified,system_level,gemma-2-9b-it-Q4_K_M.gguf,Gemma,8192,10,12.72,18.6,173559.32,15687.34,21.75,0.8552,0.0,0.0,1.964,6.6852
Apple M1 Pro,32.0,0.0,unified,system_level,Meta-Llama-3.1-8B-Instruct-Q4_K_M.gguf,Llama,512,1,10.17,24.7,5499.46,12413.11,23.39,1.056,0.0,0.0,2.069,6.348
Apple M1 Pro,32.0,0.0,unified,system_level,Meta-Llama-3.1-8B-Instruct-Q4_K_M.gguf,Llama,512,2,9.66,24.7,3792.59,14456.25,23.87,1.0348,0.0,0.0,1.568,6.348
Apple M1 Pro,32.0,0.0,unified,system_level,Meta-Llama-3.1-8B-Instruct-Q4_K_M.gguf,Llama,512,3,10.67,21.7,3781.39,14623.53,19.68,1.1026,0.0,0.0,1.453,6.348
Apple M1 Pro,32.0,0.0,unified,system_level,Meta-Llama-3.1-8B-Instruct-Q4_K_M.gguf,Llama,512,4,10.64,22.5,3781.39,12848.66,20.54,1.0954,0.0,0.0,1.753,6.348
Apple M1 Pro,32.0,0.0,unified,system_level,Meta-Llama-3.1-8B-Instruct-Q4_K_M.gguf,Llama,512,5,10.17,23.4,3950.62,13121.28,21.9,1.0685,0.0,0.0,1.623,6.348
Apple M1 Pro,32.0,0.0,unified,system_level,Meta-Llama-3.1-8B-Instruct-Q4_K_M.gguf,Llama,512,6,10.65,21.8,3953.67,13069.7,19.57,1.1139,0.0,0.0,1.476,6.348
Apple M1 Pro,32.0,0.0,unified,system_level,Meta-Llama-3.1-8B-Instruct-Q4_K_M.gguf,Llama,512,7,10.67,22.3,3789.79,14656.14,20.16,1.1062,0.0,0.0,1.705,6.348
Apple M1 Pro,32.0,0.0,unified,system_level,Meta-Llama-3.1-8B-Instruct-Q4_K_M.gguf,Llama,512,8,10.21,23.2,3838.08,14679.89,21.61,1.0736,0.0,0.0,1.59,6.348
Apple M1 Pro,32.0,0.0,unified,system_level,Meta-Llama-3.1-8B-Instruct-Q4_K_M.gguf,Llama,512,9,11.18,21.6,4409.99,13338.23,19.07,1.1327,0.0,0.0,1.919,6.348
Apple M1 Pro,32.0,0.0,unified,system_level,Meta-Llama-3.1-8B-Instruct-Q4_K_M.gguf,Llama,512,10,10.17,23.5,3789.79,15224.58,22.23,1.0571,0.0,0.0,1.661,6.348
Apple M1 Pro,32.0,0.0,unified,system_level,Meta-Llama-3.1-8B-Instruct-Q4_K_M.gguf,Llama,2048,1,10.66,22.3,15136.73,15833.08,20.06,1.1117,0.0,0.0,1.693,7.5952
Apple M1 Pro,32.0,0.0,unified,system_level,Meta-Llama-3.1-8B-Instruct-Q4_K_M.gguf,Llama,2048,2,11.22,20.7,15317.88,14475.83,18.82,1.0999,0.0,0.0,1.562,7.5952
Apple M1 Pro,32.0,0.0,unified,system_level,Meta-Llama-3.1-8B-Instruct-Q4_K_M.gguf,Llama,2048,3,11.17,21.8,16050.16,14902.42,19.22,1.1342,0.0,0.0,1.993,7.5952
Apple M1 Pro,32.0,0.0,unified,system_level,Meta-Llama-3.1-8B-Instruct-Q4_K_M.gguf,Llama,2048,4,10.68,23.2,15147.93,14621.09,20.69,1.1213,0.0,0.0,2.059,7.5952
Apple M1 Pro,32.0,0.0,unified,system_level,Meta-Llama-3.1-8B-Instruct-Q4_K_M.gguf,Llama,2048,5,10.67,22.2,15159.14,16240.09,19.94,1.1133,0.0,0.0,1.661,7.5952
Apple M1 Pro,32.0,0.0,unified,system_level,Meta-Llama-3.1-8B-Instruct-Q4_K_M.gguf,Llama,2048,6,11.16,22.0,15159.14,14594.52,18.89,1.1646,0.0,0.0,2.073,7.5952
Apple M1 Pro,32.0,0.0,unified,system_level,Meta-Llama-3.1-8B-Instruct-Q4_K_M.gguf,Llama,2048,7,10.68,22.6,15114.39,14791.56,20.31,1.1128,0.0,0.0,1.834,7.5952
Apple M1 Pro,32.0,0.0,unified,system_level,Meta-Llama-3.1-8B-Instruct-Q4_K_M.gguf,Llama,2048,8,10.68,21.9,15114.39,15088.58,20.09,1.0901,0.0,0.0,1.544,7.5952
Apple M1 Pro,32.0,0.0,unified,system_level,Meta-Llama-3.1-8B-Instruct-Q4_K_M.gguf,Llama,2048,9,11.2,21.6,15479.97,14735.42,18.89,1.1435,0.0,0.0,1.94,7.5952
Apple M1 Pro,32.0,0.0,unified,system_level,Meta-Llama-3.1-8B-Instruct-Q4_K_M.gguf,Llama,2048,10,10.68,22.6,15192.88,15087.2,20.59,1.0976,0.0,0.0,1.835,7.5952
Apple M1 Pro,32.0,0.0,unified,system_level,Meta-Llama-3.1-8B-Instruct-Q4_K_M.gguf,Llama,8192,1,11.17,22.3,60546.93,13085.47,19.32,1.1542,0.0,0.0,2.202,6.4556
Apple M1 Pro,32.0,0.0,unified,system_level,Meta-Llama-3.1-8B-Instruct-Q4_K_M.gguf,Llama,8192,2,11.18,22.0,60771.51,13080.89,19.25,1.1429,0.0,0.0,2.089,6.4556
Apple M1 Pro,32.0,0.0,unified,system_level,Meta-Llama-3.1-8B-Instruct-Q4_K_M.gguf,Llama,8192,3,10.68,22.8,60457.56,13136.28,20.6,1.1068,0.0,0.0,1.909,6.4556
Apple M1 Pro,32.0,0.0,unified,system_level,Meta-Llama-3.1-8B-Instruct-Q4_K_M.gguf,Llama,8192,4,11.21,21.8,60636.57,13258.97,18.98,1.1486,0.0,0.0,2.032,6.4556
Apple M1 Pro,32.0,0.0,unified,system_level,Meta-Llama-3.1-8B-Instruct-Q4_K_M.gguf,Llama,8192,5,10.67,22.8,60457.56,13389.92,20.75,1.0988,0.0,0.0,1.898,6.4556
Apple M1 Pro,32.0,0.0,unified,system_level,Meta-Llama-3.1-8B-Instruct-Q4_K_M.gguf,Llama,8192,6,11.31,21.7,60591.72,13089.62,19.17,1.132,0.0,0.0,2.095,6.4556
Apple M1 Pro,32.0,0.0,unified,system_level,Meta-Llama-3.1-8B-Instruct-Q4_K_M.gguf,Llama,8192,7,10.64,22.8,60726.46,13473.02,20.77,1.0977,0.0,0.0,1.872,6.4556
Apple M1 Pro,32.0,0.0,unified,system_level,Meta-Llama-3.1-8B-Instruct-Q4_K_M.gguf,Llama,8192,8,10.65,22.3,60726.46,15942.33,19.98,1.1161,0.0,0.0,1.685,6.4556
Apple M1 Pro,32.0,0.0,unified,system_level,Meta-Llama-3.1-8B-Instruct-Q4_K_M.gguf,Llama,8192,9,11.19,22.1,60681.48,13571.67,19.15,1.154,0.0,0.0,2.144,6.4556
Apple M1 Pro,32.0,0.0,unified,system_level,Meta-Llama-3.1-8B-Instruct-Q4_K_M.gguf,Llama,8192,10,10.67,23.5,60591.72,13305.41,21.09,1.1143,0.0,0.0,2.158,6.4556
Apple M1 Pro,32.0,0.0,unified,system_level,mistral-7b-instruct-v0.2.Q4_K_M.gguf,Mistral,512,1,9.14,26.0,5322.25,14515.84,23.07,1.127,0.0,0.0,1.443,7.5173
Apple M1 Pro,32.0,0.0,unified,system_level,mistral-7b-instruct-v0.2.Q4_K_M.gguf,Mistral,512,2,10.15,22.4,5316.72,14494.7,17.57,1.2749,0.0,0.0,1.217,7.5173
Apple M1 Pro,32.0,0.0,unified,system_level,mistral-7b-instruct-v0.2.Q4_K_M.gguf,Mistral,512,3,6.12,25.2,5316.72,14617.66,22.38,1.126,0.0,0.0,0.0,7.5173
Apple M1 Pro,32.0,0.0,unified,system_level,mistral-7b-instruct-v0.2.Q4_K_M.gguf,Mistral,512,4,10.17,22.3,5714.29,14572.0,17.6,1.267,0.0,0.0,1.203,7.5173
Apple M1 Pro,32.0,0.0,unified,system_level,mistral-7b-instruct-v0.2.Q4_K_M.gguf,Mistral,512,5,10.15,22.5,5338.89,14701.73,18.01,1.2493,0.0,0.0,1.256,7.5173
Apple M1 Pro,32.0,0.0,unified,system_level,mistral-7b-instruct-v0.2.Q4_K_M.gguf,Mistral,512,6,9.66,23.4,5429.48,14922.16,19.38,1.2074,0.0,0.0,1.114,7.5173
Apple M1 Pro,32.0,0.0,unified,system_level,mistral-7b-instruct-v0.2.Q4_K_M.gguf,Mistral,512,7,9.15,23.2,5733.48,14723.06,18.75,1.2373,0.0,0.0,0.532,7.5173
Apple M1 Pro,32.0,0.0,unified,system_level,mistral-7b-instruct-v0.2.Q4_K_M.gguf,Mistral,512,8,9.15,23.4,5361.26,15047.89,18.73,1.2493,0.0,0.0,0.601,7.5173
Apple M1 Pro,32.0,0.0,unified,system_level,mistral-7b-instruct-v0.2.Q4_K_M.gguf,Mistral,512,9,9.64,23.1,5547.13,15077.33,18.94,1.2196,0.0,0.0,0.983,7.5173
Apple M1 Pro,32.0,0.0,unified,system_level,mistral-7b-instruct-v0.2.Q4_K_M.gguf,Mistral,512,10,10.13,22.8,5804.99,14945.16,17.9,1.2737,0.0,0.0,1.358,7.5173
Apple M1 Pro,32.0,0.0,unified,system_level,mistral-7b-instruct-v0.2.Q4_K_M.gguf,Mistral,2048,1,10.17,22.5,21333.33,15424.75,18.14,1.2404,0.0,0.0,1.286,6.9412
Apple M1 Pro,32.0,0.0,unified,system_level,mistral-7b-instruct-v0.2.Q4_K_M.gguf,Mistral,2048,2,10.15,22.7,21649.05,15333.67,18.26,1.2432,0.0,0.0,1.339,6.9412
Apple M1 Pro,32.0,0.0,unified,system_level,mistral-7b-instruct-v0.2.Q4_K_M.gguf,Mistral,2048,3,7.66,23.8,21355.58,16272.69,21.67,1.0983,0.0,0.0,0.0,6.9412
Apple M1 Pro,32.0,0.0,unified,system_level,mistral-7b-instruct-v0.2.Q4_K_M.gguf,Mistral,2048,4,10.13,22.2,27054.16,15583.08,17.54,1.2657,0.0,0.0,1.124,6.9412
Apple M1 Pro,32.0,0.0,unified,system_level,mistral-7b-instruct-v0.2.Q4_K_M.gguf,Mistral,2048,5,10.16,22.4,22068.97,15601.8,17.48,1.2815,0.0,0.0,1.231,6.9412
Apple M1 Pro,32.0,0.0,unified,system_level,mistral-7b-instruct-v0.2.Q4_K_M.gguf,Mistral,2048,6,10.21,22.7,21311.13,15468.12,18.23,1.2452,0.0,0.0,1.4,6.9412
Apple M1 Pro,32.0,0.0,unified,system_level,mistral-7b-instruct-v0.2.Q4_K_M.gguf,Mistral,2048,7,9.64,23.5,21266.87,16310.78,19.62,1.1978,0.0,0.0,1.129,6.9412
Apple M1 Pro,32.0,0.0,unified,system_level,mistral-7b-instruct-v0.2.Q4_K_M.gguf,Mistral,2048,8,9.16,23.1,23352.34,15483.05,18.69,1.236,0.0,0.0,0.499,6.9412
Apple M1 Pro,32.0,0.0,unified,system_level,mistral-7b-instruct-v0.2.Q4_K_M.gguf,Mistral,2048,9,9.67,22.9,21288.98,16294.44,18.74,1.222,0.0,0.0,0.933,6.9412
Apple M1 Pro,32.0,0.0,unified,system_level,mistral-7b-instruct-v0.2.Q4_K_M.gguf,Mistral,2048,10,10.24,22.8,23193.66,15576.09,17.96,1.2695,0.0,0.0,1.469,6.9412
Apple M1 Pro,32.0,0.0,unified,system_level,mistral-7b-instruct-v0.2.Q4_K_M.gguf,Mistral,8192,1,9.14,25.0,85244.54,15314.62,21.33,1.1721,0.0,0.0,1.138,5.5242
Apple M1 Pro,32.0,0.0,unified,system_level,mistral-7b-instruct-v0.2.Q4_K_M.gguf,Mistral,8192,2,10.15,23.0,90619.47,14820.55,18.41,1.2493,0.0,0.0,1.453,5.5242
Apple M1 Pro,32.0,0.0,unified,system_level,mistral-7b-instruct-v0.2.Q4_K_M.gguf,Mistral,8192,3,9.64,23.7,85155.93,15390.67,20.35,1.1646,0.0,0.0,1.203,5.5242
Apple M1 Pro,32.0,0.0,unified,system_level,mistral-7b-instruct-v0.2.Q4_K_M.gguf,Mistral,8192,4,10.14,23.1,92148.48,15444.91,18.86,1.2248,0.0,0.0,1.486,5.5242
Apple M1 Pro,32.0,0.0,unified,system_level,mistral-7b-instruct-v0.2.Q4_K_M.gguf,Mistral,8192,5,9.65,23.0,85155.93,17157.69,20.6,1.1165,0.0,0.0,0.956,5.5242
Apple M1 Pro,32.0,0.0,unified,system_level,mistral-7b-instruct-v0.2.Q4_K_M.gguf,Mistral,8192,6,9.74,23.7,88466.52,14946.31,20.13,1.1773,0.0,0.0,1.3,5.5242
Apple M1 Pro,32.0,0.0,unified,system_level,mistral-7b-instruct-v0.2.Q4_K_M.gguf,Mistral,8192,7,9.65,23.6,87148.94,15760.98,19.56,1.2065,0.0,0.0,1.178,5.5242
Apple M1 Pro,32.0,0.0,unified,system_level,mistral-7b-instruct-v0.2.Q4_K_M.gguf,Mistral,8192,8,9.71,23.4,86322.44,17103.03,19.78,1.183,0.0,0.0,1.16,5.5242
Apple M1 Pro,32.0,0.0,unified,system_level,mistral-7b-instruct-v0.2.Q4_K_M.gguf,Mistral,8192,9,9.71,24.1,85244.54,15818.25,20.39,1.182,0.0,0.0,1.408,5.5242
Apple M1 Pro,32.0,0.0,unified,system_level,mistral-7b-instruct-v0.2.Q4_K_M.gguf,Mistral,8192,10,9.69,23.7,85600.84,17138.11,20.02,1.1838,0.0,0.0,1.253,5.5242
Apple M1 Pro,32.0,0.0,unified,system_level,Mistral-7B-Instruct-v0.3-Q5_K_M.gguf,Mistral,512,1,12.29,18.2,7170.87,16840.34,24.61,0.7395,0.0,0.0,1.296,6.8601
Apple M1 Pro,32.0,0.0,unified,system_level,Mistral-7B-Instruct-v0.3-Q5_K_M.gguf,Mistral,512,2,13.74,16.4,8490.88,15763.92,19.61,0.8363,0.0,0.0,1.544,6.8601
Apple M1 Pro,32.0,0.0,unified,system_level,Mistral-7B-Instruct-v0.3-Q5_K_M.gguf,Mistral,512,3,12.76,17.3,7140.86,15759.89,20.44,0.8464,0.0,0.0,1.2,6.8601
Apple M1 Pro,32.0,0.0,unified,system_level,Mistral-7B-Instruct-v0.3-Q5_K_M.gguf,Mistral,512,4,12.78,17.2,7150.84,16910.2,20.17,0.8528,0.0,0.0,1.15,6.8601
Apple M1 Pro,32.0,0.0,unified,system_level,Mistral-7B-Instruct-v0.3-Q5_K_M.gguf,Mistral,512,5,13.23,16.9,7150.84,16018.16,19.83,0.8522,0.0,0.0,1.392,6.8601
Apple M1 Pro,32.0,0.0,unified,system_level,Mistral-7B-Instruct-v0.3-Q5_K_M.gguf,Mistral,512,6,12.77,17.3,7150.84,16972.12,20.06,0.8624,0.0,0.0,1.213,6.8601
Apple M1 Pro,32.0,0.0,unified,system_level,Mistral-7B-Instruct-v0.3-Q5_K_M.gguf,Mistral,512,7,12.69,17.1,7160.84,16016.27,19.61,0.872,0.0,0.0,0.999,6.8601
Apple M1 Pro,32.0,0.0,unified,system_level,Mistral-7B-Instruct-v0.3-Q5_K_M.gguf,Mistral,512,8,13.21,17.0,7150.84,16126.98,19.66,0.8647,0.0,0.0,1.443,6.8601
Apple M1 Pro,32.0,0.0,unified,system_level,Mistral-7B-Instruct-v0.3-Q5_K_M.gguf,Mistral,512,9,12.77,17.0,7140.86,17101.5,19.67,0.8643,0.0,0.0,1.008,6.8601
Apple M1 Pro,32.0,0.0,unified,system_level,Mistral-7B-Instruct-v0.3-Q5_K_M.gguf,Mistral,512,10,13.22,16.9,7170.87,16378.86,19.58,0.8631,0.0,0.0,1.381,6.8601
Apple M1 Pro,32.0,0.0,unified,system_level,Mistral-7B-Instruct-v0.3-Q5_K_M.gguf,Mistral,2048,1,13.24,16.8,28643.36,16439.69,19.61,0.8567,0.0,0.0,1.335,6.3094
Apple M1 Pro,32.0,0.0,unified,system_level,Mistral-7B-Instruct-v0.3-Q5_K_M.gguf,Mistral,2048,2,13.23,16.8,28563.46,16499.81,19.42,0.8651,0.0,0.0,1.321,6.3094
Apple M1 Pro,32.0,0.0,unified,system_level,Mistral-7B-Instruct-v0.3-Q5_K_M.gguf,Mistral,2048,3,13.35,16.9,28643.36,16533.28,19.41,0.8707,0.0,0.0,1.515,6.3094
Apple M1 Pro,32.0,0.0,unified,system_level,Mistral-7B-Instruct-v0.3-Q5_K_M.gguf,Mistral,2048,4,13.28,16.9,28603.35,16415.77,19.55,0.8645,0.0,0.0,1.443,6.3094
Apple M1 Pro,32.0,0.0,unified,system_level,Mistral-7B-Instruct-v0.3-Q5_K_M.gguf,Mistral,2048,5,13.24,17.1,28845.07,16473.06,19.37,0.8828,0.0,0.0,1.545,6.3094
Apple M1 Pro,32.0,0.0,unified,system_level,Mistral-7B-Instruct-v0.3-Q5_K_M.gguf,Mistral,2048,6,12.86,17.1,28603.35,17478.47,19.69,0.8685,0.0,0.0,1.166,6.3094
Apple M1 Pro,32.0,0.0,unified,system_level,Mistral-7B-Instruct-v0.3-Q5_K_M.gguf,Mistral,2048,7,13.22,16.8,28563.46,16627.11,19.19,0.8755,0.0,0.0,1.311,6.3094
Apple M1 Pro,32.0,0.0,unified,system_level,Mistral-7B-Instruct-v0.3-Q5_K_M.gguf,Mistral,2048,8,13.22,16.8,28563.46,16707.48,19.39,0.8664,0.0,0.0,1.313,6.3094
Apple M1 Pro,32.0,0.0,unified,system_level,Mistral-7B-Instruct-v0.3-Q5_K_M.gguf,Mistral,2048,9,13.25,17.0,28643.36,16702.72,19.45,0.874,0.0,0.0,1.487,6.3094
Apple M1 Pro,32.0,0.0,unified,system_level,Mistral-7B-Instruct-v0.3-Q5_K_M.gguf,Mistral,2048,10,13.22,16.9,28603.35,16730.17,19.47,0.868,0.0,0.0,1.386,6.3094
Apple M1 Pro,32.0,0.0,unified,system_level,Mistral-7B-Instruct-v0.3-Q5_K_M.gguf,Mistral,8192,1,13.26,17.3,114573.43,15680.7,19.86,0.8711,0.0,0.0,1.704,4.9927
Apple M1 Pro,32.0,0.0,unified,system_level,Mistral-7B-Instruct-v0.3-Q5_K_M.gguf,Mistral,8192,2,13.22,17.2,114413.41,15558.97,20.3,0.8473,0.0,0.0,1.594,4.9927
Apple M1 Pro,32.0,0.0,unified,system_level,Mistral-7B-Instruct-v0.3-Q5_K_M.gguf,Mistral,8192,3,12.78,17.5,117363.9,16502.19,20.63,0.8483,0.0,0.0,1.352,4.9927
Apple M1 Pro,32.0,0.0,unified,system_level,Mistral-7B-Instruct-v0.3-Q5_K_M.gguf,Mistral,8192,4,12.75,17.4,114733.89,17715.56,20.42,0.8521,0.0,0.0,1.26,4.9927
Apple M1 Pro,32.0,0.0,unified,system_level,Mistral-7B-Instruct-v0.3-Q5_K_M.gguf,Mistral,8192,5,12.85,17.3,114413.41,17649.09,20.24,0.8547,0.0,0.0,1.285,4.9927
Apple M1 Pro,32.0,0.0,unified,system_level,Mistral-7B-Instruct-v0.3-Q5_K_M.gguf,Mistral,8192,6,13.8,16.4,114573.43,16315.67,20.85,0.7866,0.0,0.0,1.603,4.9927
Apple M1 Pro,32.0,0.0,unified,system_level,Mistral-7B-Instruct-v0.3-Q5_K_M.gguf,Mistral,8192,7,14.26,15.4,122634.73,16527.44,19.96,0.7715,0.0,0.0,1.275,4.9927
Apple M1 Pro,32.0,0.0,unified,system_level,Mistral-7B-Instruct-v0.3-Q5_K_M.gguf,Mistral,8192,8,14.25,15.6,121904.76,18383.17,20.16,0.7738,0.0,0.0,1.434,4.9927
Apple M1 Pro,32.0,0.0,unified,system_level,Mistral-7B-Instruct-v0.3-Q5_K_M.gguf,Mistral,8192,9,14.3,15.5,121362.96,18383.95,20.39,0.7602,0.0,0.0,1.395,4.9927
Apple M1 Pro,32.0,0.0,unified,system_level,Mistral-7B-Instruct-v0.3-Q5_K_M.gguf,Mistral,8192,10,14.75,15.2,123187.97,16268.66,19.42,0.7827,0.0,0.0,1.594,4.9927
Apple M1 Pro,32.0,0.0,unified,system_level,microsoft_Phi-4-mini-instruct-Q4_K_M.gguf,Phi,512,1,5.67,41.0,5289.26,15287.62,24.49,1.6742,0.0,0.0,0.792,8.4324
Apple M1 Pro,32.0,0.0,unified,system_level,microsoft_Phi-4-mini-instruct-Q4_K_M.gguf,Phi,512,2,3.66,41.2,5338.89,15164.3,24.54,1.6789,0.0,0.0,0.0,8.4324
Apple M1 Pro,32.0,0.0,unified,system_level,microsoft_Phi-4-mini-instruct-Q4_K_M.gguf,Phi,512,3,6.16,40.6,5300.21,15245.27,24.85,1.6338,0.0,0.0,1.234,8.4324
Apple M1 Pro,32.0,0.0,unified,system_level,microsoft_Phi-4-mini-instruct-Q4_K_M.gguf,Phi,512,4,3.69,39.9,5311.2,15325.06,24.04,1.6597,0.0,0.0,0.0,8.4324
Apple M1 Pro,32.0,0.0,unified,system_level,microsoft_Phi-4-mini-instruct-Q4_K_M.gguf,Phi,512,5,4.19,38.0,5278.35,15081.33,21.86,1.7383,0.0,0.0,0.0,8.4324
Apple M1 Pro,32.0,0.0,unified,system_level,microsoft_Phi-4-mini-instruct-Q4_K_M.gguf,Phi,512,6,6.3,34.9,5441.02,14987.45,18.82,1.8544,0.0,0.0,0.568,8.4324
Apple M1 Pro,32.0,0.0,unified,system_level,microsoft_Phi-4-mini-instruct-Q4_K_M.gguf,Phi,512,7,4.22,39.9,5395.15,16255.34,23.79,1.6772,0.0,0.0,0.0,8.4324
Apple M1 Pro,32.0,0.0,unified,system_level,microsoft_Phi-4-mini-instruct-Q4_K_M.gguf,Phi,512,8,7.18,33.3,5267.49,15396.89,18.58,1.7922,0.0,0.0,1.176,8.4324
Apple M1 Pro,32.0,0.0,unified,system_level,microsoft_Phi-4-mini-instruct-Q4_K_M.gguf,Phi,512,9,6.69,37.2,5831.44,15214.58,21.24,1.7514,0.0,0.0,1.314,8.4324
Apple M1 Pro,32.0,0.0,unified,system_level,microsoft_Phi-4-mini-instruct-Q4_K_M.gguf,Phi,512,10,4.68,37.6,6297.66,15378.98,21.18,1.7753,0.0,0.0,0.0,8.4324
Apple M1 Pro,32.0,0.0,unified,system_level,microsoft_Phi-4-mini-instruct-Q4_K_M.gguf,Phi,2048,1,3.13,44.8,20439.12,16070.25,24.46,1.8316,0.0,0.0,0.0,9.441
Apple M1 Pro,32.0,0.0,unified,system_level,microsoft_Phi-4-mini-instruct-Q4_K_M.gguf,Phi,2048,2,6.13,41.0,20398.41,14907.55,22.51,1.8214,0.0,0.0,1.249,9.441
Apple M1 Pro,32.0,0.0,unified,system_level,microsoft_Phi-4-mini-instruct-Q4_K_M.gguf,Phi,2048,3,4.16,38.5,22730.3,14940.98,18.64,2.0655,0.0,0.0,0.0,9.441
Apple M1 Pro,32.0,0.0,unified,system_level,microsoft_Phi-4-mini-instruct-Q4_K_M.gguf,Phi,2048,4,6.13,41.9,20137.66,15238.92,21.94,1.9098,0.0,0.0,1.357,9.441
Apple M1 Pro,32.0,0.0,unified,system_level,microsoft_Phi-4-mini-instruct-Q4_K_M.gguf,Phi,2048,5,3.63,41.0,21157.02,16392.36,20.98,1.9542,0.0,0.0,0.0,9.441
Apple M1 Pro,32.0,0.0,unified,system_level,microsoft_Phi-4-mini-instruct-Q4_K_M.gguf,Phi,2048,6,4.64,43.8,20137.66,15095.73,24.04,1.822,0.0,0.0,0.073,9.441
Apple M1 Pro,32.0,0.0,unified,system_level,microsoft_Phi-4-mini-instruct-Q4_K_M.gguf,Phi,2048,7,6.75,37.8,20078.43,15326.84,19.17,1.9718,0.0,0.0,1.463,9.441
Apple M1 Pro,32.0,0.0,unified,system_level,microsoft_Phi-4-mini-instruct-Q4_K_M.gguf,Phi,2048,8,4.63,40.7,21833.69,16265.7,22.39,1.8178,0.0,0.0,0.0,9.441
Apple M1 Pro,32.0,0.0,unified,system_level,microsoft_Phi-4-mini-instruct-Q4_K_M.gguf,Phi,2048,9,4.64,40.9,21764.08,15214.19,20.22,2.0227,0.0,0.0,0.0,9.441
Apple M1 Pro,32.0,0.0,unified,system_level,microsoft_Phi-4-mini-instruct-Q4_K_M.gguf,Phi,2048,10,4.62,42.7,20177.34,15367.61,22.67,1.8835,0.0,0.0,0.0,9.441
Apple M1 Pro,32.0,0.0,unified,system_level,microsoft_Phi-4-mini-instruct-Q4_K_M.gguf,Phi,8192,1,4.13,44.8,80629.92,12837.25,22.08,2.029,0.0,0.0,0.0,8.6584
Apple M1 Pro,32.0,0.0,unified,system_level,microsoft_Phi-4-mini-instruct-Q4_K_M.gguf,Phi,8192,2,6.11,44.3,80392.54,12148.3,23.13,1.9153,0.0,0.0,1.592,8.6584
Apple M1 Pro,32.0,0.0,unified,system_level,microsoft_Phi-4-mini-instruct-Q4_K_M.gguf,Phi,8192,3,6.13,42.4,80471.51,12886.89,22.72,1.8662,0.0,0.0,1.409,8.6584
Apple M1 Pro,32.0,0.0,unified,system_level,microsoft_Phi-4-mini-instruct-Q4_K_M.gguf,Phi,8192,4,6.65,37.7,94377.88,12377.44,18.23,2.068,0.0,0.0,1.343,8.6584
Apple M1 Pro,32.0,0.0,unified,system_level,microsoft_Phi-4-mini-instruct-Q4_K_M.gguf,Phi,8192,5,6.67,39.8,85960.13,12736.25,19.72,2.0183,0.0,0.0,1.642,8.6584
Apple M1 Pro,32.0,0.0,unified,system_level,microsoft_Phi-4-mini-instruct-Q4_K_M.gguf,Phi,8192,6,4.62,44.1,80471.51,13026.97,23.38,1.8862,0.0,0.0,0.09,8.6584
Apple M1 Pro,32.0,0.0,unified,system_level,microsoft_Phi-4-mini-instruct-Q4_K_M.gguf,Phi,8192,7,6.63,39.5,80392.54,13103.19,19.45,2.0308,0.0,0.0,1.568,8.6584
Apple M1 Pro,32.0,0.0,unified,system_level,microsoft_Phi-4-mini-instruct-Q4_K_M.gguf,Phi,8192,8,4.13,43.5,84106.78,14778.91,23.61,1.8424,0.0,0.0,0.0,8.6584
Apple M1 Pro,32.0,0.0,unified,system_level,microsoft_Phi-4-mini-instruct-Q4_K_M.gguf,Phi,8192,9,5.66,40.5,80313.73,14731.0,21.02,1.9267,0.0,0.0,0.726,8.6584
Apple M1 Pro,32.0,0.0,unified,system_level,microsoft_Phi-4-mini-instruct-Q4_K_M.gguf,Phi,8192,10,6.23,40.1,85870.02,12874.27,19.87,2.0181,0.0,0.0,1.243,8.6584
Apple M1 Pro,32.0,0.0,unified,system_level,Qwen2.5-7B-Instruct-Q4_K_M.gguf,Qwen,512,1,9.15,26.1,6146.46,15137.5,24.28,1.075,0.0,0.0,1.491,6.5297
Apple M1 Pro,32.0,0.0,unified,system_level,Qwen2.5-7B-Instruct-Q4_K_M.gguf,Qwen,512,2,10.72,21.6,3950.62,15190.88,17.27,1.2507,0.0,0.0,1.463,6.5297
Apple M1 Pro,32.0,0.0,unified,system_level,Qwen2.5-7B-Instruct-Q4_K_M.gguf,Qwen,512,3,10.18,22.7,3941.49,15201.38,19.06,1.191,0.0,0.0,1.368,6.5297
Apple M1 Pro,32.0,0.0,unified,system_level,Qwen2.5-7B-Instruct-Q4_K_M.gguf,Qwen,512,4,10.17,22.7,3953.67,15203.12,19.08,1.1897,0.0,0.0,1.358,6.5297
Apple M1 Pro,32.0,0.0,unified,system_level,Qwen2.5-7B-Instruct-Q4_K_M.gguf,Qwen,512,5,10.16,22.7,3993.76,15210.27,19.24,1.1798,0.0,0.0,1.345,6.5297
Apple M1 Pro,32.0,0.0,unified,system_level,Qwen2.5-7B-Instruct-Q4_K_M.gguf,Qwen,512,6,10.18,22.8,4050.63,15211.91,19.05,1.1969,0.0,0.0,1.407,6.5297
Apple M1 Pro,32.0,0.0,unified,system_level,Qwen2.5-7B-Instruct-Q4_K_M.gguf,Qwen,512,7,10.26,23.1,3941.49,13936.2,19.56,1.181,0.0,0.0,1.599,6.5297
Apple M1 Pro,32.0,0.0,unified,system_level,Qwen2.5-7B-Instruct-Q4_K_M.gguf,Qwen,512,8,10.15,23.0,3944.53,15225.69,19.84,1.1593,0.0,0.0,1.455,6.5297
Apple M1 Pro,32.0,0.0,unified,system_level,Qwen2.5-7B-Instruct-Q4_K_M.gguf,Qwen,512,9,10.17,22.8,4086.19,15237.84,19.22,1.1863,0.0,0.0,1.395,6.5297
Apple M1 Pro,32.0,0.0,unified,system_level,Qwen2.5-7B-Instruct-Q4_K_M.gguf,Qwen,512,10,10.64,22.5,3978.24,13950.05,18.54,1.2136,0.0,0.0,1.754,6.5297
Apple M1 Pro,32.0,0.0,unified,system_level,Qwen2.5-7B-Instruct-Q4_K_M.gguf,Qwen,2048,1,10.17,23.7,15765.97,13978.81,20.24,1.1709,0.0,0.0,1.732,6.3405
Apple M1 Pro,32.0,0.0,unified,system_level,Qwen2.5-7B-Instruct-Q4_K_M.gguf,Qwen,2048,2,10.64,22.9,15863.67,13978.59,18.77,1.22,0.0,0.0,1.905,6.3405
Apple M1 Pro,32.0,0.0,unified,system_level,Qwen2.5-7B-Instruct-Q4_K_M.gguf,Qwen,2048,3,10.16,23.9,15778.12,13976.78,20.32,1.1762,0.0,0.0,1.797,6.3405
Apple M1 Pro,32.0,0.0,unified,system_level,Qwen2.5-7B-Instruct-Q4_K_M.gguf,Qwen,2048,4,10.16,23.4,15863.67,13981.44,19.84,1.1794,0.0,0.0,1.612,6.3405
Apple M1 Pro,32.0,0.0,unified,system_level,Qwen2.5-7B-Instruct-Q4_K_M.gguf,Qwen,2048,5,10.17,22.7,18980.54,15378.58,19.15,1.1854,0.0,0.0,1.356,6.3405
Apple M1 Pro,32.0,0.0,unified,system_level,Qwen2.5-7B-Instruct-Q4_K_M.gguf,Qwen,2048,6,10.16,22.8,16050.16,15371.44,19.18,1.1887,0.0,0.0,1.385,6.3405
Apple M1 Pro,32.0,0.0,unified,system_level,Qwen2.5-7B-Instruct-Q4_K_M.gguf,Qwen,2048,7,10.16,23.0,15765.97,13997.84,19.32,1.1905,0.0,0.0,1.469,6.3405
Apple M1 Pro,32.0,0.0,unified,system_level,Qwen2.5-7B-Instruct-Q4_K_M.gguf,Qwen,2048,8,10.17,23.3,15765.97,15382.0,19.9,1.1709,0.0,0.0,1.581,6.3405
Apple M1 Pro,32.0,0.0,unified,system_level,Qwen2.5-7B-Instruct-Q4_K_M.gguf,Qwen,2048,9,10.14,23.2,15826.89,13997.67,19.57,1.1855,0.0,0.0,1.516,6.3405
Apple M1 Pro,32.0,0.0,unified,system_level,Qwen2.5-7B-Instruct-Q4_K_M.gguf,Qwen,2048,10,10.16,23.1,15765.97,14066.45,19.71,1.172,0.0,0.0,1.501,6.3405
Apple M1 Pro,32.0,0.0,unified,system_level,Qwen2.5-7B-Instruct-Q4_K_M.gguf,Qwen,8192,1,10.31,23.0,63112.48,14267.77,18.67,1.2319,0.0,0.0,1.614,5.9141
Apple M1 Pro,32.0,0.0,unified,system_level,Qwen2.5-7B-Instruct-Q4_K_M.gguf,Qwen,8192,2,10.38,23.0,63112.48,11911.83,19.6,1.1735,0.0,0.0,1.681,5.9141
Apple M1 Pro,32.0,0.0,unified,system_level,Qwen2.5-7B-Instruct-Q4_K_M.gguf,Qwen,8192,3,10.69,22.7,63063.9,11928.19,18.93,1.1992,0.0,0.0,1.877,5.9141
Apple M1 Pro,32.0,0.0,unified,system_level,Qwen2.5-7B-Instruct-Q4_K_M.gguf,Qwen,8192,4,9.8,24.0,63063.9,14395.52,21.23,1.1305,0.0,0.0,1.467,5.9141
Apple M1 Pro,32.0,0.0,unified,system_level,Qwen2.5-7B-Instruct-Q4_K_M.gguf,Qwen,8192,5,10.7,22.7,68437.76,11946.09,18.38,1.235,0.0,0.0,1.89,5.9141
Apple M1 Pro,32.0,0.0,unified,system_level,Qwen2.5-7B-Instruct-Q4_K_M.gguf,Qwen,8192,6,10.21,23.8,63112.48,12001.14,20.42,1.1655,0.0,0.0,1.802,5.9141
Apple M1 Pro,32.0,0.0,unified,system_level,Qwen2.5-7B-Instruct-Q4_K_M.gguf,Qwen,8192,7,10.2,23.2,63112.48,14509.86,19.82,1.1705,0.0,0.0,1.581,5.9141
Apple M1 Pro,32.0,0.0,unified,system_level,Qwen2.5-7B-Instruct-Q4_K_M.gguf,Qwen,8192,8,10.19,23.0,64402.52,12293.75,19.4,1.1856,0.0,0.0,1.498,5.9141
Apple M1 Pro,32.0,0.0,unified,system_level,Qwen2.5-7B-Instruct-Q4_K_M.gguf,Qwen,8192,9,12.82,19.0,70681.62,15489.14,20.07,0.9467,0.0,0.0,2.292,5.9141
Apple M1 Pro,32.0,0.0,unified,system_level,Qwen2.5-7B-Instruct-Q4_K_M.gguf,Qwen,8192,10,12.68,18.5,64758.89,13900.11,19.94,0.9278,0.0,0.0,1.871,5.9141
Apple M1 Pro,32.0,0.0,unified,system_level,qwen2.5-3b-instruct-q4_k_m.gguf,Qwen,512,1,5.66,46.8,4041.04,14358.55,21.77,2.1497,0.0,0.0,1.384,8.5262
Apple M1 Pro,32.0,0.0,unified,system_level,qwen2.5-3b-instruct-q4_k_m.gguf,Qwen,512,2,6.18,42.7,2229.97,14091.0,17.83,2.3948,0.0,0.0,1.492,8.5262
Apple M1 Pro,32.0,0.0,unified,system_level,qwen2.5-3b-instruct-q4_k_m.gguf,Qwen,512,3,5.13,51.7,2002.35,14157.91,23.89,2.1641,0.0,0.0,1.266,8.5262
Apple M1 Pro,32.0,0.0,unified,system_level,qwen2.5-3b-instruct-q4_k_m.gguf,Qwen,512,4,6.14,39.8,2018.93,15655.06,18.91,2.1047,0.0,0.0,1.115,8.5262
Apple M1 Pro,32.0,0.0,unified,system_level,qwen2.5-3b-instruct-q4_k_m.gguf,Qwen,512,5,6.67,38.0,2572.86,15114.66,19.19,1.9802,0.0,0.0,1.41,8.5262
Apple M1 Pro,32.0,0.0,unified,system_level,qwen2.5-3b-instruct-q4_k_m.gguf,Qwen,512,6,5.65,46.7,1945.29,14703.56,21.87,2.1353,0.0,0.0,1.366,8.5262
Apple M1 Pro,32.0,0.0,unified,system_level,qwen2.5-3b-instruct-q4_k_m.gguf,Qwen,512,7,5.14,47.6,1866.57,15563.3,21.37,2.2274,0.0,0.0,0.938,8.5262
Apple M1 Pro,32.0,0.0,unified,system_level,qwen2.5-3b-instruct-q4_k_m.gguf,Qwen,512,8,6.16,41.3,2234.83,14864.44,18.02,2.2919,0.0,0.0,1.316,8.5262
Apple M1 Pro,32.0,0.0,unified,system_level,qwen2.5-3b-instruct-q4_k_m.gguf,Qwen,512,9,5.14,47.8,2087.24,14991.62,22.2,2.1532,0.0,0.0,0.956,8.5262
Apple M1 Pro,32.0,0.0,unified,system_level,qwen2.5-3b-instruct-q4_k_m.gguf,Qwen,512,10,6.14,42.4,2456.81,15158.09,17.58,2.4118,0.0,0.0,1.426,8.5262
Apple M1 Pro,32.0,0.0,unified,system_level,qwen2.5-3b-instruct-q4_k_m.gguf,Qwen,2048,1,5.12,50.3,7466.28,14721.33,21.93,2.2937,0.0,0.0,1.148,8.6924
Apple M1 Pro,32.0,0.0,unified,system_level,qwen2.5-3b-instruct-q4_k_m.gguf,Qwen,2048,2,5.63,45.3,8120.54,14761.2,17.84,2.5392,0.0,0.0,1.216,8.6924
Apple M1 Pro,32.0,0.0,unified,system_level,qwen2.5-3b-instruct-q4_k_m.gguf,Qwen,2048,3,5.22,50.7,7493.6,14462.62,21.76,2.33,0.0,0.0,1.277,8.6924
Apple M1 Pro,32.0,0.0,unified,system_level,qwen2.5-3b-instruct-q4_k_m.gguf,Qwen,2048,4,5.63,46.8,7713.75,14309.77,18.53,2.5256,0.0,0.0,1.36,8.6924
Apple M1 Pro,32.0,0.0,unified,system_level,qwen2.5-3b-instruct-q4_k_m.gguf,Qwen,2048,5,5.13,49.6,7582.38,15281.84,21.73,2.2826,0.0,0.0,1.095,8.6924
Apple M1 Pro,32.0,0.0,unified,system_level,qwen2.5-3b-instruct-q4_k_m.gguf,Qwen,2048,6,5.63,45.5,7978.18,14459.52,17.86,2.5476,0.0,0.0,1.233,8.6924
Apple M1 Pro,32.0,0.0,unified,system_level,qwen2.5-3b-instruct-q4_k_m.gguf,Qwen,2048,7,5.14,49.6,7772.3,14413.56,21.35,2.3232,0.0,0.0,1.111,8.6924
Apple M1 Pro,32.0,0.0,unified,system_level,qwen2.5-3b-instruct-q4_k_m.gguf,Qwen,2048,8,5.67,46.5,7725.39,14214.64,18.69,2.488,0.0,0.0,1.368,8.6924
Apple M1 Pro,32.0,0.0,unified,system_level,qwen2.5-3b-instruct-q4_k_m.gguf,Qwen,2048,9,5.14,49.5,7676.16,14711.56,21.48,2.3045,0.0,0.0,1.096,8.6924
Apple M1 Pro,32.0,0.0,unified,system_level,qwen2.5-3b-instruct-q4_k_m.gguf,Qwen,2048,10,5.64,46.7,7886.02,14291.06,18.38,2.5408,0.0,0.0,1.355,8.6924
Apple M1 Pro,32.0,0.0,unified,system_level,qwen2.5-3b-instruct-q4_k_m.gguf,Qwen,8192,1,5.31,51.4,29974.39,12138.36,24.04,2.1381,0.0,0.0,1.421,7.3542
Apple M1 Pro,32.0,0.0,unified,system_level,qwen2.5-3b-instruct-q4_k_m.gguf,Qwen,8192,2,5.65,45.6,30995.08,12514.34,17.74,2.5705,0.0,0.0,1.263,7.3542
Apple M1 Pro,32.0,0.0,unified,system_level,qwen2.5-3b-instruct-q4_k_m.gguf,Qwen,8192,3,5.15,49.9,32507.94,13698.5,20.77,2.4025,0.0,0.0,1.137,7.3542
Apple M1 Pro,32.0,0.0,unified,system_level,qwen2.5-3b-instruct-q4_k_m.gguf,Qwen,8192,4,5.11,48.6,30139.81,12729.14,19.09,2.5458,0.0,0.0,1.0,7.3542
Apple M1 Pro,32.0,0.0,unified,system_level,qwen2.5-3b-instruct-q4_k_m.gguf,Qwen,8192,5,5.21,48.3,31386.97,13243.41,21.58,2.2382,0.0,0.0,1.066,7.3542
Apple M1 Pro,32.0,0.0,unified,system_level,qwen2.5-3b-instruct-q4_k_m.gguf,Qwen,8192,6,5.63,46.4,32520.84,12777.88,17.27,2.6867,0.0,0.0,1.318,7.3542
Apple M1 Pro,32.0,0.0,unified,system_level,qwen2.5-3b-instruct-q4_k_m.gguf,Qwen,8192,7,5.16,51.1,29897.81,12840.06,22.18,2.3039,0.0,0.0,1.248,7.3542
Apple M1 Pro,32.0,0.0,unified,system_level,qwen2.5-3b-instruct-q4_k_m.gguf,Qwen,8192,8,5.14,51.3,29735.03,13178.12,21.96,2.3361,0.0,0.0,1.243,7.3542
Apple M1 Pro,32.0,0.0,unified,system_level,qwen2.5-3b-instruct-q4_k_m.gguf,Qwen,8192,9,5.65,47.4,30670.16,13000.27,17.32,2.7367,0.0,0.0,1.427,7.3542
Apple M1 Pro,32.0,0.0,unified,system_level,qwen2.5-3b-instruct-q4_k_m.gguf,Qwen,8192,10,4.63,53.8,29745.82,14168.58,22.4,2.4018,0.0,0.0,0.908,7.3542
Apple M1 Pro,32.0,0.0,unified,system_level,qwen2.5-3b-instruct-q5_k_m.gguf,Qwen,512,1,6.13,42.1,2046.36,13820.61,24.11,1.7462,0.0,0.0,1.382,8.4909
Apple M1 Pro,32.0,0.0,unified,system_level,qwen2.5-3b-instruct-q5_k_m.gguf,Qwen,512,2,6.63,37.1,2035.79,13955.44,20.13,1.843,0.0,0.0,1.234,8.4909
Apple M1 Pro,32.0,0.0,unified,system_level,qwen2.5-3b-instruct-q5_k_m.gguf,Qwen,512,3,6.66,38.4,2132.44,13909.23,20.83,1.8435,0.0,0.0,1.447,8.4909
Apple M1 Pro,32.0,0.0,unified,system_level,qwen2.5-3b-instruct-q5_k_m.gguf,Qwen,512,4,6.65,36.9,2053.75,13911.8,20.4,1.8088,0.0,0.0,1.226,8.4909
Apple M1 Pro,32.0,0.0,unified,system_level,qwen2.5-3b-instruct-q5_k_m.gguf,Qwen,512,5,6.15,39.0,2056.22,13906.66,21.63,1.8031,0.0,0.0,1.021,8.4909
Apple M1 Pro,32.0,0.0,unified,system_level,qwen2.5-3b-instruct-q5_k_m.gguf,Qwen,512,6,7.14,34.7,2306.31,14419.64,19.04,1.8225,0.0,0.0,1.378,8.4909
Apple M1 Pro,32.0,0.0,unified,system_level,qwen2.5-3b-instruct-q5_k_m.gguf,Qwen,512,7,6.65,35.5,2208.8,15446.11,18.98,1.8704,0.0,0.0,1.016,8.4909
Apple M1 Pro,32.0,0.0,unified,system_level,qwen2.5-3b-instruct-q5_k_m.gguf,Qwen,512,8,6.66,36.1,2260.49,14492.23,20.06,1.7996,0.0,0.0,1.118,8.4909
Apple M1 Pro,32.0,0.0,unified,system_level,qwen2.5-3b-instruct-q5_k_m.gguf,Qwen,512,9,6.64,37.4,2189.91,14684.66,20.34,1.8387,0.0,0.0,1.297,8.4909
Apple M1 Pro,32.0,0.0,unified,system_level,qwen2.5-3b-instruct-q5_k_m.gguf,Qwen,512,10,6.66,38.0,2402.63,14678.53,20.23,1.8784,0.0,0.0,1.402,8.4909
Apple M1 Pro,32.0,0.0,unified,system_level,qwen2.5-3b-instruct-q5_k_m.gguf,Qwen,2048,1,6.63,37.3,8143.14,14409.14,21.36,1.7463,0.0,0.0,1.271,8.5938
Apple M1 Pro,32.0,0.0,unified,system_level,qwen2.5-3b-instruct-q5_k_m.gguf,Qwen,2048,2,7.14,34.8,9468.33,14452.83,18.47,1.8841,0.0,0.0,1.39,8.5938
Apple M1 Pro,32.0,0.0,unified,system_level,qwen2.5-3b-instruct-q5_k_m.gguf,Qwen,2048,3,6.15,39.7,8182.18,15491.92,22.58,1.7582,0.0,0.0,1.109,8.5938
Apple M1 Pro,32.0,0.0,unified,system_level,qwen2.5-3b-instruct-q5_k_m.gguf,Qwen,2048,4,6.65,36.1,8881.18,15500.73,18.62,1.9388,0.0,0.0,1.111,8.5938
Apple M1 Pro,32.0,0.0,unified,system_level,qwen2.5-3b-instruct-q5_k_m.gguf,Qwen,2048,5,6.65,38.1,9014.08,14516.5,20.02,1.9031,0.0,0.0,1.399,8.5938
Apple M1 Pro,32.0,0.0,unified,system_level,qwen2.5-3b-instruct-q5_k_m.gguf,Qwen,2048,6,6.13,39.0,8215.0,15516.62,21.69,1.7981,0.0,0.0,1.004,8.5938
Apple M1 Pro,32.0,0.0,unified,system_level,qwen2.5-3b-instruct-q5_k_m.gguf,Qwen,2048,7,7.16,35.6,9098.18,14475.95,17.54,2.0296,0.0,0.0,1.544,8.5938
Apple M1 Pro,32.0,0.0,unified,system_level,qwen2.5-3b-instruct-q5_k_m.gguf,Qwen,2048,8,6.11,40.0,8172.39,15658.38,22.83,1.7521,0.0,0.0,1.115,8.5938
Apple M1 Pro,32.0,0.0,unified,system_level,qwen2.5-3b-instruct-q5_k_m.gguf,Qwen,2048,9,6.63,35.7,8919.86,15640.61,18.61,1.9183,0.0,0.0,1.033,8.5938
Apple M1 Pro,32.0,0.0,unified,system_level,qwen2.5-3b-instruct-q5_k_m.gguf,Qwen,2048,10,6.66,37.7,8540.45,14728.23,20.55,1.8345,0.0,0.0,1.356,8.5938
Apple M1 Pro,32.0,0.0,unified,system_level,qwen2.5-3b-instruct-q5_k_m.gguf,Qwen,8192,1,6.12,41.7,32689.55,11936.16,24.02,1.7361,0.0,0.0,1.329,7.1518
Apple M1 Pro,32.0,0.0,unified,system_level,qwen2.5-3b-instruct-q5_k_m.gguf,Qwen,8192,2,6.65,36.0,32611.46,13111.58,18.58,1.9376,0.0,0.0,1.092,7.1518
Apple M1 Pro,32.0,0.0,unified,system_level,qwen2.5-3b-instruct-q5_k_m.gguf,Qwen,8192,3,6.61,36.6,36489.98,13325.08,20.26,1.8065,0.0,0.0,1.15,7.1518
Apple M1 Pro,32.0,0.0,unified,system_level,qwen2.5-3b-instruct-q5_k_m.gguf,Qwen,8192,4,6.65,37.4,35432.53,12087.8,20.25,1.8469,0.0,0.0,1.298,7.1518
Apple M1 Pro,32.0,0.0,unified,system_level,qwen2.5-3b-instruct-q5_k_m.gguf,Qwen,8192,5,6.15,39.2,46651.48,13511.12,23.89,1.6409,0.0,0.0,1.046,7.1518
Apple M1 Pro,32.0,0.0,unified,system_level,qwen2.5-3b-instruct-q5_k_m.gguf,Qwen,8192,6,7.15,33.6,40295.13,13350.08,16.15,2.0805,0.0,0.0,1.201,7.1518
Apple M1 Pro,32.0,0.0,unified,system_level,qwen2.5-3b-instruct-q5_k_m.gguf,Qwen,8192,7,6.14,40.8,32520.84,12285.08,23.15,1.7624,0.0,0.0,1.241,7.1518
Apple M1 Pro,32.0,0.0,unified,system_level,qwen2.5-3b-instruct-q5_k_m.gguf,Qwen,8192,8,6.63,36.9,33139.16,13562.52,19.19,1.9229,0.0,0.0,1.213,7.1518
Apple M1 Pro,32.0,0.0,unified,system_level,qwen2.5-3b-instruct-q5_k_m.gguf,Qwen,8192,9,6.74,38.3,33795.38,12450.16,20.96,1.8273,0.0,0.0,1.516,7.1518
Apple M1 Pro,32.0,0.0,unified,system_level,qwen2.5-3b-instruct-q5_k_m.gguf,Qwen,8192,10,6.17,39.4,32495.04,13793.08,22.47,1.7534,0.0,0.0,1.095,7.1518
Apple M1 Pro,32.0,0.0,unified,system_level,qwen2.5-3b-instruct-q8_0.gguf,Qwen,512,1,7.15,34.4,4099.28,15055.84,22.46,1.5316,0.0,0.0,1.34,8.4132
Apple M1 Pro,32.0,0.0,unified,system_level,qwen2.5-3b-instruct-q8_0.gguf,Qwen,512,2,7.67,32.6,1648.95,14982.95,16.93,1.9256,0.0,0.0,1.537,8.4132
Apple M1 Pro,32.0,0.0,unified,system_level,qwen2.5-3b-instruct-q8_0.gguf,Qwen,512,3,6.65,35.6,1653.75,15719.33,20.95,1.6993,0.0,0.0,1.028,8.4132
Apple M1 Pro,32.0,0.0,unified,system_level,qwen2.5-3b-instruct-q8_0.gguf,Qwen,512,4,7.15,32.8,1650.55,15485.69,17.46,1.8786,0.0,0.0,1.056,8.4132
Apple M1 Pro,32.0,0.0,unified,system_level,qwen2.5-3b-instruct-q8_0.gguf,Qwen,512,5,7.2,34.9,1718.12,14678.56,19.65,1.7761,0.0,0.0,1.47,8.4132
Apple M1 Pro,32.0,0.0,unified,system_level,qwen2.5-3b-instruct-q8_0.gguf,Qwen,512,6,7.22,35.3,2217.41,14705.45,19.58,1.8029,0.0,0.0,1.553,8.4132
Apple M1 Pro,32.0,0.0,unified,system_level,qwen2.5-3b-instruct-q8_0.gguf,Qwen,512,7,6.66,35.2,1666.67,15608.66,20.67,1.703,0.0,0.0,0.974,8.4132
Apple M1 Pro,32.0,0.0,unified,system_level,qwen2.5-3b-instruct-q8_0.gguf,Qwen,512,8,7.17,32.7,1699.87,15580.95,17.58,1.8601,0.0,0.0,1.055,8.4132
Apple M1 Pro,32.0,0.0,unified,system_level,qwen2.5-3b-instruct-q8_0.gguf,Qwen,512,9,7.15,34.6,1686.43,14861.33,18.89,1.8317,0.0,0.0,1.367,8.4132
Apple M1 Pro,32.0,0.0,unified,system_level,qwen2.5-3b-instruct-q8_0.gguf,Qwen,512,10,7.15,35.1,1651.08,14796.5,19.78,1.7745,0.0,0.0,1.452,8.4132
Apple M1 Pro,32.0,0.0,unified,system_level,qwen2.5-3b-instruct-q8_0.gguf,Qwen,2048,1,6.67,36.4,6600.06,15665.05,20.94,1.7383,0.0,0.0,1.179,8.5313
Apple M1 Pro,32.0,0.0,unified,system_level,qwen2.5-3b-instruct-q8_0.gguf,Qwen,2048,2,6.64,35.0,6597.94,15777.58,20.25,1.7284,0.0,0.0,0.924,8.5313
Apple M1 Pro,32.0,0.0,unified,system_level,qwen2.5-3b-instruct-q8_0.gguf,Qwen,2048,3,7.22,32.3,6989.76,15788.17,17.35,1.8617,0.0,0.0,1.024,8.5313
Apple M1 Pro,32.0,0.0,unified,system_level,qwen2.5-3b-instruct-q8_0.gguf,Qwen,2048,4,7.13,34.4,6743.5,14957.52,18.65,1.8445,0.0,0.0,1.313,8.5313
Apple M1 Pro,32.0,0.0,unified,system_level,qwen2.5-3b-instruct-q8_0.gguf,Qwen,2048,5,7.14,34.6,6580.98,15013.05,19.53,1.7716,0.0,0.0,1.357,8.5313
Apple M1 Pro,32.0,0.0,unified,system_level,qwen2.5-3b-instruct-q8_0.gguf,Qwen,2048,6,7.18,34.6,6600.06,14848.69,19.44,1.7798,0.0,0.0,1.399,8.5313
Apple M1 Pro,32.0,0.0,unified,system_level,qwen2.5-3b-instruct-q8_0.gguf,Qwen,2048,7,7.15,35.3,6621.4,14750.81,19.76,1.7864,0.0,0.0,1.486,8.5313
Apple M1 Pro,32.0,0.0,unified,system_level,qwen2.5-3b-instruct-q8_0.gguf,Qwen,2048,8,7.16,34.2,6600.06,15048.7,20.06,1.7049,0.0,0.0,1.309,8.5313
Apple M1 Pro,32.0,0.0,unified,system_level,qwen2.5-3b-instruct-q8_0.gguf,Qwen,2048,9,7.17,35.2,6636.42,15335.69,19.46,1.8088,0.0,0.0,1.489,8.5313
Apple M1 Pro,32.0,0.0,unified,system_level,qwen2.5-3b-instruct-q8_0.gguf,Qwen,2048,10,7.15,35.0,6640.73,14762.28,20.15,1.737,0.0,0.0,1.438,8.5313
Apple M1 Pro,32.0,0.0,unified,system_level,qwen2.5-3b-instruct-q8_0.gguf,Qwen,8192,1,6.68,36.2,26391.75,13589.23,21.21,1.7067,0.0,0.0,1.151,7.1256
Apple M1 Pro,32.0,0.0,unified,system_level,qwen2.5-3b-instruct-q8_0.gguf,Qwen,8192,2,7.14,33.5,26442.87,12365.09,18.87,1.7753,0.0,0.0,1.173,7.1256
Apple M1 Pro,32.0,0.0,unified,system_level,qwen2.5-3b-instruct-q8_0.gguf,Qwen,8192,3,7.15,34.3,27499.16,12785.89,19.12,1.7939,0.0,0.0,1.316,7.1256
Apple M1 Pro,32.0,0.0,unified,system_level,qwen2.5-3b-instruct-q8_0.gguf,Qwen,8192,4,7.14,33.8,27036.3,12523.31,18.72,1.8056,0.0,0.0,1.223,7.1256
Apple M1 Pro,32.0,0.0,unified,system_level,qwen2.5-3b-instruct-q8_0.gguf,Qwen,8192,5,7.16,34.9,26417.28,12935.67,19.59,1.7815,0.0,0.0,1.426,7.1256
Apple M1 Pro,32.0,0.0,unified,system_level,qwen2.5-3b-instruct-q8_0.gguf,Qwen,8192,6,7.12,34.2,26374.76,13182.7,19.9,1.7186,0.0,0.0,1.276,7.1256
Apple M1 Pro,32.0,0.0,unified,system_level,qwen2.5-3b-instruct-q8_0.gguf,Qwen,8192,7,7.14,34.1,27554.66,13231.2,19.01,1.7938,0.0,0.0,1.278,7.1256
Apple M1 Pro,32.0,0.0,unified,system_level,qwen2.5-3b-instruct-q8_0.gguf,Qwen,8192,8,7.22,35.2,26477.05,12947.91,19.96,1.7635,0.0,0.0,1.539,7.1256
Apple M1 Pro,32.0,0.0,unified,system_level,qwen2.5-3b-instruct-q8_0.gguf,Qwen,8192,9,7.14,35.6,26442.87,13086.81,20.27,1.7563,0.0,0.0,1.523,7.1256
Apple M1 Pro,32.0,0.0,unified,system_level,qwen2.5-3b-instruct-q8_0.gguf,Qwen,8192,10,7.15,35.1,26434.33,13479.22,20.35,1.7248,0.0,0.0,1.453,7.1256
